feature,importance
oldbalanceOrg,0.08241066066310414
type_PAYMENT,0.07839306266434584
newbalanceOrig,0.07684824420106068
balance_change_ratio,0.07274177837049432
type_freq,0.06784624359189509
balance_change_abs,0.06691505903516408
amount_to_balance_ratio,0.0651629223510966
balance_change,0.061294634875695565
amount,0.060253988993553304
type_TRANSFER,0.045174195382389516
transaction_day,0.03367279429522087
transaction_month,0.029432339003437273
City_freq,0.021327304100945264
transaction_year,0.019849006701607958
type_CASH_OUT,0.019526138339399462
Exp Type_freq,0.013410811154522896
type_CASH_IN,0.012419565066018356
Card Type_freq,0.010720327514236587
is_weekend,0.008434533842523564
time_since_last_tx,0.006431449540074678
Exp Type_Entertainment,0.0055819450105988435
"City_Bengaluru, India",0.005408533264160294
"City_Greater Mumbai, India",0.0053879880160268975
Exp Type_Bills,0.005338592884065373
Card Type_Platinum,0.005294572847331086
Exp Type_Fuel,0.005088808495200793
Card Type_Signature,0.005042258480837187
"City_Ahmedabad, India",0.004955014634116769
"City_Delhi, India",0.004910383820607401
Gender_M,0.004873693210958211
Exp Type_Food,0.00487069242970949
Gender_freq,0.00477952442886569
Exp Type_Grocery,0.004757763873372378
Card Type_Silver,0.004690774058468729
Gender_F,0.004676513931093548
Card Type_Gold,0.004649686926374294
is_large_transaction,0.0033925847096568083
"City_Lucknow, India",0.002388021169399662
"City_Jaipur, India",0.0022954259431856574
"City_Kanpur, India",0.0022701743730289626
"City_Pune, India",0.0021782656384943797
"City_Hyderabad, India",0.0021381412792501843
"City_Chennai, India",0.002119037523277537
"City_Kolkata, India",0.002081237961977772
type_DEBIT,0.002043564215496744
"City_Surat, India",0.0019323862744629367
Exp Type_Travel,0.0016325196571880347
"City_Pavagada, India",0.0004735478578725265
"City_Arambagh, India",0.00046743806355777426
"City_Firozpur, India",0.0003950849077806611
"City_Udumalaipettai, India",0.0003695953471094314
"City_Dhoraji, India",0.00032422377075629034
"City_Kalyan-Dombivali, India",0.00028434558937304676
"City_Tharad, India",0.0002785300954114706
"City_Sherkot, India",0.0002597457084478905
"City_Morshi, India",0.00022947552848198835
"City_Panipat, India",0.00021935084786979083
"City_Tandur, India",0.00021339527879898557
"City_Sarangpur, India",0.00021316233171899453
"City_Srivilliputhur, India",0.0002101161716588703
"City_Kunnamkulam, India",0.00020915388682784527
"City_Yellandu, India",0.00020248750106530226
"City_Rewa, India",0.00020174925206221223
"City_Akot, India",0.00020166303910962242
"City_Sagwara, India",0.00019863337147255606
"City_Sunabeda, India",0.0001958008989675587
"City_Tilda Newra, India",0.00019424055081171252
"City_Maddur, India",0.00018658940188551526
"City_Sattur, India",0.00018439483847748668
"City_Shrigonda, India",0.00017726948361834302
"City_Maihar, India",0.00017411514186580488
"City_Aizawl, India",0.00017147715553987426
"City_Mahesana, India",0.0001666040243903117
"City_Venkatagiri, India",0.00016565703325033994
"City_Sujangarh, India",0.00016322023693946008
"City_Adoni, India",0.00015722320835486844
"City_Sambhal, India",0.0001566576671324629
"City_Ramganj Mandi, India",0.00015115712301743558
"City_Satana, India",0.00014882309749906074
"City_Sironj, India",0.00014857366523347946
"City_Mudalagi, India",0.00014605241403644118
"City_Laharpur, India",0.00014576232137115136
"City_Bellampalle, India",0.0001437815129072668
"City_Wai, India",0.00014218539780948034
"City_Pratapgarh, India",0.00014109132309238798
"City_Porbandar, India",0.00014078726674855005
"City_Marmagao, India",0.00013973363175564434
"City_Asansol, India",0.00013567757571014694
"City_Dehri-on-Sone, India",0.0001347271398642859
"City_Baramula, India",0.00013397304416425888
"City_Pandharpur, India",0.00013369733276892215
"City_Shikohabad, India",0.00013358504020721432
"City_Mancherial, India",0.00013277759026433084
"City_Etawah, India",0.00013032168799941176
"City_Proddatur, India",0.00013001629374658443
"City_Wadgaon Road, India",0.00012997972536179386
"City_Ambejogai, India",0.00012989211104415135
"City_Itarsi, India",0.0001286966664981468
"City_Seoni, India",0.0001274038102366571
"City_Lingsugur, India",0.00012671460407467
"City_Jhansi, India",0.00012359972029735912
"City_Satara, India",0.00012110805507416973
"City_Sindhagi, India",0.00012032486369180085
"City_Tilhar, India",0.00011996121283365697
"City_Tumsar, India",0.00011901124047836957
"City_Sirkali, India",0.00011644099093803649
"City_Mahnar Bazar, India",0.00011633922806099232
"City_Tumkur, India",0.00011603166810370989
"City_Periyasemur, India",0.00011577900377698243
"City_Mandvi, India",0.00011533115570301469
"City_Ozar, India",0.00011475018525464088
"City_Nasirabad, India",0.00011349811439124216
"City_Medininagar (Daltonganj), India",0.00011276020192584338
"City_Kishanganj, India",0.00011226348877868954
"City_Bikaner, India",0.00011221348020776538
"City_Makhdumpur, India",0.00011112595709224559
"City_Mavoor, India",0.00011078430084138315
"City_Sultanganj, India",0.00011054894007849222
"City_Jatani, India",0.00010999242836863039
"City_Mansa, India",0.00010671229957326358
"City_Pithapuram, India",0.00010562389039325285
"City_Thanjavur, India",0.00010523363614744048
"City_Tiruppur, India",0.00010454984090649948
"City_Habra, India",0.00010384266777581789
"City_Hapur, India",0.00010317594448229427
"City_Shoranur, India",0.00010309789030203657
"City_Mundi, India",0.00010246149596323868
"City_Sonipat, India",0.00010230074626849819
"City_Thoubal, India",0.00010208679450356069
"City_Surapura, India",0.00010109408308098783
"City_Pulgaon, India",0.00010029156685710682
"City_Achalpur, India",0.00010017590100946197
"City_Ranaghat, India",9.969595851272233e-05
"City_Suryapet, India",9.934164880180519e-05
"City_Shamli, India",9.932933138101253e-05
"City_Rajkot, India",9.924847761931527e-05
"City_Sidlaghatta, India",9.919362931030794e-05
"City_Nawapur, India",9.88144572157551e-05
"City_Muzaffarpur, India",9.870797804876749e-05
"City_Visnagar, India",9.86881542197578e-05
"City_Rudrapur, India",9.803368885491846e-05
"City_Sambalpur, India",9.770242474766623e-05
"City_Rishikesh, India",9.726408772764684e-05
"City_Sugauli, India",9.72517194578092e-05
"City_Sankari, India",9.696244469302651e-05
"City_Sadabad, India",9.674988595853949e-05
"City_Rampura Phul, India",9.671939664528447e-05
"City_Amreli, India",9.661916584966754e-05
"City_Parvathipuram, India",9.649104560140263e-05
"City_Mandla, India",9.590852783037937e-05
"City_Patiala, India",9.580192492406632e-05
"City_Bhadrachalam, India",9.462581537238954e-05
"City_Udgir, India",9.455763827002814e-05
"City_Losal, India",9.399483969611084e-05
"City_Usilampatti, India",9.372269545857156e-05
"City_Anantnag, India",9.349250981647822e-05
"City_Uran Islampur, India",9.32395327452768e-05
"City_Malerkotla, India",9.23491627386194e-05
"City_Begusarai, India",9.157058027232903e-05
"City_Periyakulam, India",9.144036873461724e-05
"City_Shenkottai, India",9.081743412927834e-05
"City_Raisen, India",9.076476579952952e-05
"City_Dibrugarh, India",9.041102662270107e-05
"City_Gobichettipalayam, India",9.030938809449161e-05
"City_Naihati, India",8.981318030055991e-05
"City_Punalur, India",8.955710676748939e-05
"City_Puttur, India",8.932256925970851e-05
"City_Bathinda, India",8.884060816797686e-05
"City_Gobindgarh, India",8.861343849771023e-05
"City_Madikeri, India",8.84895720391125e-05
"City_Veraval, India",8.831099882780195e-05
"City_Kharagpur, India",8.795409026939281e-05
"City_Zira, India",8.775153812468754e-05
"City_Valparai, India",8.732266408398866e-05
"City_Udaipur, India",8.723495845410331e-05
"City_Pandhurna, India",8.707737068888869e-05
"City_Vellakoil, India",8.634182719761639e-05
"City_Bharuch, India",8.615582183324651e-05
"City_Nangal, India",8.548477920911475e-05
"City_Buxar, India",8.540276670269978e-05
"City_Mandideep, India",8.531767319644726e-05
"City_Dhule, India",8.496180715005034e-05
"City_Bhiwani, India",8.493003099482043e-05
"City_Sopore, India",8.490261571777374e-05
"City_Nalbari, India",8.486443732447826e-05
"City_Vijayapura, India",8.453201176682365e-05
"City_Loni, India",8.450896387380965e-05
"City_Vijainagar Ajmer, India",8.413122931497858e-05
"City_Bhadrak, India",8.400069888458872e-05
"City_Shahpura, India",8.396755686872369e-05
"City_Nokha, India",8.35796901816302e-05
"City_Bodhan, India",8.303767620271506e-05
"City_Hazaribag, India",8.293609646655e-05
"City_Hajipur, India",8.26662147302115e-05
"City_Kendujhar, India",8.222886132812074e-05
"City_Moga, India",8.209902579900794e-05
"City_Sikandrabad, India",8.174954250051278e-05
"City_Rohtak, India",8.17055708133331e-05
"City_Nagaur, India",8.0664293144538e-05
"City_Kharar, India",8.056696127281035e-05
"City_Morvi, India",8.051183838530693e-05
"City_Vizianagaram, India",8.026705282546416e-05
"City_Tura, India",8.015646533811132e-05
"City_Jagdalpur, India",7.992562797311561e-05
"City_Paravoor, India",7.974396254218436e-05
"City_Jharsuguda, India",7.922026525792952e-05
"City_Lalsot, India",7.910999473072602e-05
"City_Panvel, India",7.866753164959572e-05
"City_Nabadwip, India",7.819747985225535e-05
"City_Kadapa, India",7.700577378808635e-05
"City_Nadbai, India",7.698092134454159e-05
"City_Rae Bareli, India",7.6890472957584e-05
"City_Kodungallur, India",7.685253293409238e-05
"City_Chikkamagaluru, India",7.639554500742427e-05
"City_Tiruvuru, India",7.578741590517437e-05
"City_Pusad, India",7.577722079710569e-05
"City_Mattannur, India",7.504409664945548e-05
"City_Sedam, India",7.504249179560403e-05
"City_Sainthia, India",7.500971293262916e-05
"City_Narsinghgarh, India",7.489607931099483e-05
"City_Thiruvallur, India",7.446705320648168e-05
"City_Srinagar, India",7.435267058121322e-05
"City_Salaya, India",7.434026922890887e-05
"City_Bharatpur, India",7.398695987153389e-05
"City_Mhow Cantonment, India",7.377417510798047e-05
"City_Sihora, India",7.341004665521221e-05
"City_Neem-Ka-Thana, India",7.30889175829983e-05
"City_Kolar, India",7.308599585696235e-05
"City_Revelganj, India",7.298531264848758e-05
"City_Mohali, India",7.295762449011077e-05
"City_Jalpaiguri, India",7.229029794008223e-05
"City_Khammam, India",7.224732052640385e-05
"City_Paithan, India",7.223988505550927e-05
"City_Vikarabad, India",7.218624040682443e-05
"City_Jorhat, India",7.207601268815865e-05
"City_Koratla, India",7.167726396372754e-05
"City_Barbil, India",7.1670873328051e-05
"City_Ramnagar, India",7.161134322309185e-05
"City_Rampurhat, India",7.127919837603965e-05
"City_Nidadavole, India",7.123151683512022e-05
"City_Kohima, India",7.119395174249899e-05
"City_Mandi Dabwali, India",7.107447835985229e-05
"City_Chatra, India",7.106160552895051e-05
"City_Sirhind Fatehgarh Sahib, India",7.098665961857551e-05
"City_Titlagarh, India",7.023094994564974e-05
"City_Athni, India",6.999664338080198e-05
"City_Raver, India",6.996664142079712e-05
"City_Vadipatti, India",6.98778365667531e-05
"City_Rajampet, India",6.985833653958433e-05
"City_Jangaon, India",6.979363758017179e-05
"City_Vatakara, India",6.972590314573366e-05
"City_Sendhwa, India",6.955563318046334e-05
"City_Agra, India",6.950541200001895e-05
"City_Nagercoil, India",6.94545750943405e-05
"City_Macherla, India",6.917476857179464e-05
"City_Malegaon, India",6.909374343275202e-05
"City_Sindhnur, India",6.886277836893298e-05
"City_Attingal, India",6.854615342321248e-05
"City_Renukoot, India",6.784565824312834e-05
"City_Mudhol, India",6.78413957222214e-05
"City_Palacole, India",6.783234952505608e-05
"City_Sinnar, India",6.764903808046657e-05
"City_Nawanshahr, India",6.752557510414164e-05
"City_Pandua, India",6.749020087234909e-05
"City_Erode, India",6.738074446313987e-05
"City_Udhagamandalam, India",6.736954481847501e-05
"City_Nellore, India",6.720557959032821e-05
"City_Eluru, India",6.693007263913513e-05
"City_Madanapalle, India",6.683785355324892e-05
"City_Maner, India",6.669605611030043e-05
"City_Tanuku, India",6.652492965196613e-05
"City_Rajula, India",6.650941160744311e-05
"City_Hardoi , India",6.650201077276992e-05
"City_Gudivada, India",6.6191410709338e-05
"City_Surandai, India",6.578476465346359e-05
"City_Zaidpur, India",6.561658068520221e-05
"City_Tiruchengode, India",6.539643860326354e-05
"City_Pen, India",6.507190947172586e-05
"City_Shajapur, India",6.506749346752049e-05
"City_Vadakkuvalliyur, India",6.479786817404779e-05
"City_Rameshwaram, India",6.475093262253179e-05
"City_Vidisha, India",6.447714727029866e-05
"City_Kurnool, India",6.435992373556568e-05
"City_Pithoragarh, India",6.427045372082523e-05
"City_Jammu, India",6.400727699374498e-05
"City_Tanda, India",6.336130361520388e-05
"City_Vrindavan, India",6.331973858667508e-05
"City_Ashok Nagar, India",6.331673755113646e-05
"City_Varkala, India",6.31754458841022e-05
"City_Gurgaon, India",6.31531409402752e-05
"City_Sasaram, India",6.296653801784163e-05
"City_Pali, India",6.29276624210322e-05
"City_Lalitpur, India",6.25581013053586e-05
"City_Rajahmundry, India",6.23046516587284e-05
"City_Rosera, India",6.197533266867738e-05
"City_Naila Janjgir, India",6.175180109925709e-05
"City_Savanur, India",6.158438971802873e-05
"City_Parbhani, India",6.143093063527338e-05
"City_Keshod, India",6.130638976275745e-05
"City_Palia Kalan, India",6.107784385243754e-05
"City_Chittoor, India",6.097777543527935e-05
"City_Udaipurwati, India",6.0866250840397854e-05
"City_Nagda, India",6.081735063446401e-05
"City_Khair, India",6.079820698258644e-05
"City_Rahuri, India",6.07372017657197e-05
"City_Sadasivpet, India",6.068042370185175e-05
"City_Pasan, India",6.0649048511375365e-05
"City_Sangli, India",6.043422431115802e-05
"City_Medinipur, India",5.9997931656930424e-05
"City_Imphal, India",5.968438017971273e-05
"City_Byasanagar, India",5.8865332871359254e-05
"City_Khanna, India",5.883189280483351e-05
"City_Darbhanga, India",5.881694550827013e-05
"City_Saunda, India",5.880063965737933e-05
"City_Diphu, India",5.8511502065307625e-05
"City_Port Blair, India",5.828697632813901e-05
"City_Tadpatri, India",5.8187767939247414e-05
"City_Jaggaiahpet, India",5.781009052862031e-05
"City_Nanpara, India",5.7697230813250416e-05
"City_Mehkar, India",5.763836045915057e-05
"City_Fatehpur Sikri, India",5.692743981738365e-05
"City_Tiptur, India",5.6868686241838343e-05
"City_Sholingur, India",5.676186713975428e-05
"City_Barnala, India",5.6650581652164125e-05
"City_Fatehabad, India",5.622031540822319e-05
"City_Raxaul Bazar, India",5.614605735750902e-05
"City_Ranavav, India",5.613779264048946e-05
"City_Roorkee, India",5.597287963014703e-05
"City_Patna, India",5.5930373509646824e-05
"City_Firozabad, India",5.5807711240847857e-05
"City_Sivakasi, India",5.579555176787991e-05
"City_Rabkavi Banhatti, India",5.562082688975087e-05
"City_Lal Gopalganj Nindaura, India",5.550437921794864e-05
"City_Oddanchatram, India",5.544795635399325e-05
"City_Noorpur, India",5.5381130537350525e-05
"City_Karaikal, India",5.515790766724546e-05
"City_Ballari, India",5.511398611654115e-05
"City_Sardarshahar, India",5.496339446639195e-05
"City_Amroha, India",5.443833954575991e-05
"City_Palasa Kasibugga, India",5.4092672053704194e-05
"City_Ramdurg, India",5.3973240782477615e-05
"City_Zamania, India",5.3971137042803485e-05
"City_Siana, India",5.391763131221886e-05
"City_Lakshmeshwar, India",5.364616620324698e-05
"City_Jabalpur, India",5.3645393864785444e-05
"City_Sheopur, India",5.334480083312511e-05
"City_Aurangabad, India",5.3212347153259045e-05
"City_Malur, India",5.319046235905158e-05
"City_Raayachuru, India",5.313496210977218e-05
"City_Bhuj, India",5.308921426570753e-05
"City_Sonepur, India",5.2272609015037826e-05
"City_Lakhisarai, India",5.22357728816155e-05
"City_Raigarh, India",5.1998049714052196e-05
"City_Durg, India",5.1912774953428936e-05
"City_Giridih, India",5.1902607308243264e-05
"City_Sangareddy, India",5.1870033101473897e-05
"City_Talaja, India",5.18509767643244e-05
"City_Naugachhia, India",5.1779122433953824e-05
"City_Makrana, India",5.169305493110416e-05
"City_Machilipatnam, India",5.1590961622218193e-05
"City_Rajgir, India",5.1548338672085285e-05
"City_Agartala, India",5.1135651185796126e-05
"City_Peddapuram, India",5.10383597428293e-05
"City_Cherthala, India",5.094381607215185e-05
"City_Murwara (Katni), India",5.083390975588847e-05
"City_Nagpur, India",5.0214245248042635e-05
"City_Savner, India",5.0083957647854904e-05
"City_Pehowa, India",5.008146478199306e-05
"City_Manjlegaon, India",5.0062703511751116e-05
"City_Yanam, India",4.97016707805701e-05
"City_Tirukalukundram, India",4.951349055330422e-05
"City_Upleta, India",4.936374122173237e-05
"City_Nagaon, India",4.9251858418565804e-05
"City_Wadhwan, India",4.924552550028395e-05
"City_Yemmiganur, India",4.9171681916921524e-05
"City_Alwar, India",4.888041933601048e-05
"City_Sumerpur, India",4.8562587815318095e-05
"City_Muddebihal, India",4.854051128982782e-05
"City_Jhumri Tilaiya, India",4.8529958079137275e-05
"City_Rawatbhata, India",4.832814478188228e-05
"City_Sehore, India",4.819560235843364e-05
"City_Partur, India",4.815603148615971e-05
"City_Chandigarh, India",4.786686587861601e-05
"City_Siddipet, India",4.780383047370866e-05
"City_Jehanabad, India",4.753863122517422e-05
"City_Naidupet, India",4.738268154903758e-05
"City_Chirmiri, India",4.6931295541650765e-05
"City_Akola, India",4.6844628278058425e-05
"City_Limbdi, India",4.673763817093476e-05
"City_Sahibganj, India",4.666087616726259e-05
"City_Kaithal, India",4.655463684460758e-05
"City_Sankeshwara, India",4.64480535299042e-05
"City_Bhopal, India",4.6364582048520254e-05
"City_Bhainsa, India",4.633190510265898e-05
"City_Tiruvannamalai, India",4.623637017768238e-05
"City_Nuzvid, India",4.6182292680844356e-05
"City_Nautanwa, India",4.5975721332092045e-05
"City_Kakinada, India",4.583000704363749e-05
"City_Kapadvanj, India",4.569860284326726e-05
"City_Wokha, India",4.5672982028140005e-05
"City_Karwar, India",4.546669403448996e-05
"City_Sabalgarh, India",4.544867646475603e-05
"City_Utraula, India",4.527208453317678e-05
"City_Ujjain, India",4.5152754432221384e-05
"City_Balurghat, India",4.450272058452831e-05
"City_Margao, India",4.4426872254268466e-05
"City_Shahabad, India",4.423130591852932e-05
"City_Ranchi, India",4.420780424861351e-05
"City_Karur, India",4.413917976546642e-05
"City_Sri Madhopur, India",4.407746328487705e-05
"City_Jammalamadugu, India",4.3939693932177366e-05
"City_Nilanga, India",4.3646325980854155e-05
"City_Korba, India",4.3641224396787655e-05
"City_Washim, India",4.360293121767524e-05
"City_Firozpur Cantt., India",4.340928580156173e-05
"City_Ottappalam, India",4.3264345984210057e-05
"City_Shegaon, India",4.304666173856955e-05
"City_Palghar, India",4.294229765437232e-05
"City_Kayamkulam, India",4.2734679123500546e-05
"City_Pinjore, India",4.2651352531919525e-05
"City_Sailu, India",4.255340169061598e-05
"City_Narnaul, India",4.2538375676354125e-05
"City_Udupi, India",4.2522250439323824e-05
"City_Sultanpur, India",4.22088103214346e-05
"City_Munger, India",4.2140695288847065e-05
"City_Tuljapur, India",4.210370694843175e-05
"City_Koyilandy, India",4.1970973405842035e-05
"City_Pihani, India",4.188163007115814e-05
"City_Pilani, India",4.169564835058653e-05
"City_Musabani, India",4.1330444393223736e-05
"City_Sillod, India",4.1205772058297545e-05
"City_Petlad, India",4.115280288816938e-05
"City_Mihijam, India",4.108431968003772e-05
"City_Bhilai Nagar, India",4.0991506001301766e-05
"City_Sangrur, India",4.087829301377901e-05
"City_Talode, India",4.065825347987486e-05
"City_Tezpur, India",4.0612697756055425e-05
"City_Tirupathur, India",4.058377060723712e-05
"City_Unjha, India",4.056168051559081e-05
"City_Anantapur, India",4.052357507545066e-05
"City_Kollam, India",4.048189516808469e-05
"City_Aligarh, India",4.032335783939821e-05
"City_Mysore, India",4.032044916537039e-05
"City_Meerut, India",4.022014414325023e-05
"City_Arwal, India",3.939489047502115e-05
"City_Purulia, India",3.932316339678887e-05
"City_Unnao, India",3.9257787728172974e-05
"City_Vapi, India",3.924219614182888e-05
"City_Merta City, India",3.9169645664470786e-05
"City_Sidhi, India",3.902319317139403e-05
"City_Thirumangalam, India",3.8993297288132247e-05
"City_Perinthalmanna, India",3.8949842407062424e-05
"City_Darjiling, India",3.88465973112132e-05
"City_Robertson Pet, India",3.868374772838233e-05
"City_Vadalur, India",3.8602674383532864e-05
"City_Mankachar, India",3.8591466797056484e-05
"City_Lakheri, India",3.8585067449051116e-05
"City_Puranpur, India",3.8508211516313326e-05
"City_Noida, India",3.836040682385892e-05
"City_Thiruvarur, India",3.833582647597201e-05
"City_Nilambur, India",3.8207234583773314e-05
"City_Alipurduar, India",3.811710303581342e-05
"City_Dumraon, India",3.8079732166695015e-05
"City_Phaltan, India",3.767616272731922e-05
"City_Nawabganj, India",3.766551056434945e-05
"City_Nabha, India",3.762475407166613e-05
"City_Narwana, India",3.7506154078804135e-05
"City_Davanagere, India",3.747787607647275e-05
"City_Ponnur, India",3.716404640091427e-05
"City_Rajpipla, India",3.7097707886383626e-05
"City_Risod, India",3.7096031589807876e-05
"City_Afzalpur, India",3.7078372941322626e-05
"City_Sarni, India",3.697521946811418e-05
"City_Sankarankoil, India",3.679061500252458e-05
"City_Nagari, India",3.67871210396551e-05
"City_Perambalur, India",3.6705857527991624e-05
"City_Kalpi, India",3.66409369272022e-05
"City_Najibabad, India",3.6637021776694965e-05
"City_Osmanabad, India",3.6578922755965274e-05
"City_Latur, India",3.640230705121035e-05
"City_Rath, India",3.635581740011649e-05
"City_Suri, India",3.631791576002709e-05
"City_Balaghat, India",3.629325119183556e-05
"City_Deoghar, India",3.619273951009874e-05
"City_Mahuva, India",3.618875954755717e-05
"City_Yamunanagar, India",3.618238325206491e-05
"City_Cuttack, India",3.615746144875931e-05
"City_Kendrapara, India",3.6069871559285696e-05
"City_Thuraiyur, India",3.59263060130314e-05
"City_Rajapalayam, India",3.585032452497618e-05
"City_Thane, India",3.5822693612422174e-05
"City_Chittur-Thathamangalam, India",3.549377522691412e-05
"City_Sullurpeta, India",3.548255596032279e-05
"City_Saharanpur, India",3.545936434868461e-05
"City_Palanpur, India",3.531122723656589e-05
"City_Nagarkurnool, India",3.5154580991367953e-05
"City_Shujalpur, India",3.5151222482189894e-05
"City_Porsa, India",3.5047540259542126e-05
"City_Safidon, India",3.504419863439723e-05
"City_Phusro, India",3.5030217152524635e-05
"City_Santipur, India",3.480637257378189e-05
"City_Godhra, India",3.461482958878861e-05
"City_Mira-Bhayandar, India",3.44428395709793e-05
"City_Lanka, India",3.440332770755825e-05
"City_Shahjahanpur, India",3.4243986639606784e-05
"City_Chirala, India",3.421902314037992e-05
"City_Rawatsar, India",3.4112511784434386e-05
"City_Ichalkaranji, India",3.3979850715262444e-05
"City_Vedaranyam, India",3.391374534796486e-05
"City_Palladam, India",3.3803392266520984e-05
"City_Guwahati, India",3.360946053774949e-05
"City_Yawal, India",3.3517959077134237e-05
"City_Tuensang, India",3.340718672848449e-05
"City_Charkhi Dadri, India",3.320160698665686e-05
"City_Chilakaluripet, India",3.3186638352026414e-05
"City_Palitana, India",3.305519319100937e-05
"City_Virudhachalam, India",3.2952172583476216e-05
"City_Alappuzha, India",3.293864972101791e-05
"City_Nashik, India",3.263455963915381e-05
"City_Vadnagar, India",3.248524163347507e-05
"City_Gooty, India",3.246890571523382e-05
"City_Tindivanam, India",3.238534894936198e-05
"City_Tuni, India",3.2172762061643786e-05
"City_Sangamner, India",3.20434193149949e-05
"City_Pipar City, India",3.1961678634461514e-05
"City_Narasaraopet, India",3.192345651688686e-05
"City_Suar, India",3.184184847344839e-05
"City_Rudauli, India",3.1430432045484494e-05
"City_Salur, India",3.1219633995794036e-05
"City_Singrauli, India",3.117012694453513e-05
"City_Puliyankudi, India",3.101684074379589e-05
"City_Allahabad, India",3.100647173685651e-05
"City_Tasgaon, India",3.0918124010998686e-05
"City_Tundla, India",3.091149312560657e-05
"City_Kandukur, India",3.084409029471076e-05
"City_Raipur, India",3.08393394530607e-05
"City_Haldwani-cum-Kathgodam, India",3.077410906265758e-05
"City_Punch, India",3.0712940617268414e-05
"City_Sandila, India",3.063055079686226e-05
"City_Nawada, India",3.060291612770226e-05
"City_Nanjangud, India",3.0417988340048874e-05
"City_Neyveli (TS), India",3.0414569038000328e-05
"City_Shahade, India",3.0241916065297973e-05
"City_Sanand, India",3.0102669633993313e-05
"City_Amravati, India",3.0072536203103392e-05
"City_Hugli-Chinsurah, India",2.9985276260480666e-05
"City_Mahemdabad, India",2.9767733847601408e-05
"City_Dhanbad, India",2.969199905572708e-05
"City_Chaibasa, India",2.958180738320667e-05
"City_Batala, India",2.9401716576130415e-05
"City_Moradabad, India",2.9378368498907673e-05
"City_Arsikere, India",2.9201806647785907e-05
"City_Supaul, India",2.9178290300040585e-05
"City_Mathura, India",2.9144256494842693e-05
"City_Katihar, India",2.9140970345302277e-05
"City_Tarn Taran, India",2.914044926009481e-05
"City_New Delhi, India",2.9083860244164008e-05
"City_Tiruttani, India",2.905735591360364e-05
"City_Pithampur, India",2.8847408327370675e-05
"City_Bhubaneswar, India",2.860760025207798e-05
"City_Faridkot, India",2.8545470677415387e-05
"City_Sirsa, India",2.844545966250092e-05
"City_Mainaguri, India",2.8355860375235807e-05
"City_Raiganj, India",2.827595560319932e-05
"City_Virudhunagar, India",2.8196628978728143e-05
"City_Dharmavaram, India",2.8120211366417094e-05
"City_Gohana, India",2.806285088514526e-05
"City_Karjat, India",2.773306468638645e-05
"City_Tohana, India",2.761767284886641e-05
"City_Mokokchung, India",2.7313336681223456e-05
"City_Mungeli, India",2.725486989651081e-05
"City_Dharmanagar, India",2.720802826594506e-05
"City_Nowgong, India",2.7183462986011238e-05
"City_Malkapur, India",2.70884495129559e-05
"City_Phulabani, India",2.6991073784562247e-05
"City_Tirupati, India",2.6990614523624235e-05
"City_Markapur, India",2.698003094527167e-05
"City_Saharsa, India",2.693657816194868e-05
"City_Sagar, India",2.6820799582469202e-05
"City_Bheemunipatnam, India",2.678953116543858e-05
"City_Belagavi, India",2.6773690702062977e-05
"City_Bahadurgarh, India",2.659977729608115e-05
"City_Parli, India",2.653732191329077e-05
"City_Shrirampur, India",2.653444342760913e-05
"City_Sidhpur, India",2.649238397309064e-05
"City_Jamui, India",2.6435327618813826e-05
"City_Anand, India",2.6339616303061048e-05
"City_Manwath, India",2.626385180883985e-05
"City_Patti, India",2.61964408227472e-05
"City_Rajagangapur, India",2.6004564003455837e-05
"City_Raisinghnagar, India",2.590648222909742e-05
"City_Kancheepuram, India",2.5750109761117176e-05
"City_Medak, India",2.5664957935338132e-05
"City_Baharampur, India",2.5551830999033244e-05
"City_Paramakudi, India",2.534857984324986e-05
"City_Thrissur, India",2.512483150364707e-05
"City_Kagaznagar, India",2.500317473278692e-05
"City_Rupnagar, India",2.4823206612498316e-05
"City_Mangrulpir, India",2.4694840539552583e-05
"City_Kottayam, India",2.463342025714325e-05
"City_Shirdi, India",2.4560340007510948e-05
"City_Vasai-Virar, India",2.453516480728413e-05
"City_Bettiah, India",2.449507330779194e-05
"City_Guntur, India",2.444319598847495e-05
"City_Savarkundla, India",2.4430615279465057e-05
"City_Bhimavaram, India",2.4253271925917716e-05
"City_Pilibhit, India",2.42410977703856e-05
"City_Dimapur, India",2.415053043603005e-05
"City_Tenkasi, India",2.4126531831091497e-05
"City_Tamluk, India",2.3980840455023052e-05
"City_Brahmapur, India",2.3938763537132636e-05
"City_Taranagar, India",2.387209424237424e-05
"City_Madhupur, India",2.3834424486547193e-05
"City_Visakhapatnam, India",2.3822639293728188e-05
"City_Panruti, India",2.3779703741261365e-05
"City_Kasaragod, India",2.3603906770493033e-05
"City_Kalimpong, India",2.35642598696303e-05
"City_Palani, India",2.348243894056038e-05
"City_Kapurthala, India",2.3442869113109213e-05
"City_Raghunathganj, India",2.3421991678021528e-05
"City_Sitamarhi, India",2.3284693687230097e-05
"City_Motihari, India",2.3051814546056114e-05
"City_Adilabad, India",2.3004161491730716e-05
"City_Lonavla, India",2.299983593494045e-05
"City_Purna, India",2.2918946720274668e-05
"City_Bhabua, India",2.27439776669518e-05
"City_Nanjikottai, India",2.2738363493369303e-05
"City_Naugawan Sadat, India",2.2702818173882377e-05
"City_Zirakpur, India",2.2681679582548786e-05
"City_Ponnani, India",2.257330411641269e-05
"City_Lar, India",2.257249099495229e-05
"City_Solan, India",2.2529521974026455e-05
"City_Bhiwandi, India",2.249394202143111e-05
"City_Ramgarh, India",2.2343568248910443e-05
"City_Tiruchirappalli, India",2.2267590834048697e-05
"City_Purnia, India",2.223651025539065e-05
"City_Mokameh, India",2.2102145517694594e-05
"City_Phalodi, India",2.1842508379293898e-05
"City_Bhagalpur, India",2.180001871974857e-05
"City_Tarikere, India",2.1729802246263705e-05
"City_Vinukonda, India",2.146152909011041e-05
"City_Madurai, India",2.142727353076164e-05
"City_Rayachoti, India",2.1029115371671856e-05
"City_Jalandhar, India",2.092348626094925e-05
"City_Shirpur-Warwade, India",2.0843475937519823e-05
"City_Rasra, India",2.0823666350701566e-05
"City_English Bazar, India",2.0813831917825605e-05
"City_Tarakeswar, India",2.076499150597165e-05
"City_Manendragarh, India",2.0754535385275025e-05
"City_Ranipet, India",2.071190551385066e-05
"City_Sangole, India",2.06833807737404e-05
"City_Thiruvananthapuram, India",2.0564801409784073e-05
"City_Amalapuram, India",2.053112441348677e-05
"City_Kanhangad, India",2.0529693862206985e-05
"City_Yavatmal, India",2.038400016675799e-05
"City_Khambhat, India",2.0215693497585654e-05
"City_Warora, India",2.0129732100664105e-05
"City_Vadodara, India",1.989414563741302e-05
"City_Rajsamand, India",1.9881354696646625e-05
"City_Baripada Town, India",1.9845762088321625e-05
"City_Taliparamba, India",1.9614902979908157e-05
"City_Karimganj, India",1.957887865405563e-05
"City_Mahasamund, India",1.952932049814509e-05
"City_Terdal, India",1.9306813653844232e-05
"City_Nepanagar, India",1.9278658162538634e-05
"City_Jhargram, India",1.924336760886795e-05
"City_Kot Kapura, India",1.915449917174168e-05
"City_Siwan, India",1.9012785677319292e-05
"City_Padra, India",1.893142310383354e-05
"City_Mulbagal, India",1.8906505260011647e-05
"City_Umred, India",1.8842500884570352e-05
"City_Ajmer, India",1.8828212284216305e-05
"City_Shivamogga, India",1.878135012160571e-05
"City_Kochi, India",1.8675644183981497e-05
"City_Ratangarh, India",1.8466579892494994e-05
"City_Kamareddy, India",1.8453186092202172e-05
"City_Jodhpur, India",1.8388420246945835e-05
"City_Rewari, India",1.834101818006915e-05
"City_Indore, India",1.8326483514179982e-05
"City_Bagaha, India",1.8264498133698857e-05
"City_Siruguppa, India",1.82587461979436e-05
"City_Karimnagar, India",1.825501414307207e-05
"City_Vaniyambadi, India",1.8134198875361518e-05
"City_Bokaro Steel City, India",1.8121486984758425e-05
"City_Bhongir, India",1.8097464059039947e-05
"City_Valsad, India",1.805829220574931e-05
"City_Pathanamthitta, India",1.7944742266112703e-05
"City_Shahabad Rampur, India",1.7786888509178364e-05
"City_Ankleshwar, India",1.7745860771378417e-05
"City_Bapatla, India",1.7553644165699368e-05
"City_Hisar, India",1.7468512356267272e-05
"City_Sirsaganj, India",1.7369571326631515e-05
"City_Navsari, India",1.7322487001413644e-05
"City_Jind, India",1.7303319458338326e-05
"City_Jalandhar Cantt., India",1.7162167295814906e-05
"City_Vyara, India",1.7062380133865175e-05
"City_Nainital, India",1.7021794216924437e-05
"City_Mahalingapura, India",1.696563599133093e-05
"City_Warangal, India",1.693842663336969e-05
"City_Dehradun, India",1.6899762695052915e-05
"City_Phagwara, India",1.680189965850246e-05
"City_Karnal, India",1.6696019173779014e-05
"City_Mangaluru, India",1.668655902827209e-05
"City_Thanesar, India",1.6665190386810176e-05
"City_Nagapattinam, India",1.6655486422121856e-05
"City_Sunam, India",1.630707742341026e-05
"City_Anakapalle, India",1.6303841612356655e-05
"City_Talcher, India",1.6185354434357208e-05
"City_North Lakhimpur, India",1.61017204333254e-05
"City_Narkatiaganj, India",1.6055302158821114e-05
"City_Palwancha, India",1.5956493141595628e-05
"City_Madhubani, India",1.5877772517640522e-05
"City_Sira, India",1.578869332989835e-05
"City_Nanded-Waghala, India",1.56747636110295e-05
"City_Rasipuram, India",1.5635881685360113e-05
"City_Sitapur, India",1.562333156757e-05
"City_Hardwar, India",1.5524612706525374e-05
"City_Aruppukkottai, India",1.5357483435968465e-05
"City_Manuguru, India",1.522381461672828e-05
"City_Nirmal, India",1.5131728108952374e-05
"City_Adoor, India",1.503503961071338e-05
"City_Samastipur, India",1.4888754761552726e-05
"City_Seoni-Malwa, India",1.47724144643687e-05
"City_Rampur, India",1.4679779579421172e-05
"City_Sattenapalle, India",1.4615933273946495e-05
"City_Pathankot, India",1.4596290437098771e-05
"City_Rajnandgaon, India",1.4589807335582342e-05
"City_Malout, India",1.4547776942154697e-05
"City_Araria, India",1.441567728349062e-05
"City_Chirkunda, India",1.4300750994494346e-05
"City_Uchgaon, India",1.4257549125237815e-05
"City_Ramachandrapuram, India",1.4225515494523866e-05
"City_Raghogarh-Vijaypur, India",1.415604815623002e-05
"City_Lumding, India",1.4102500595780775e-05
"City_Memari, India",1.3944140717131016e-05
"City_Navi Mumbai, India",1.3907807817438321e-05
"City_Pondicherry, India",1.3854177219205432e-05
"City_Alirajpur, India",1.384113625739915e-05
"City_Tinsukia, India",1.3790242814465071e-05
"City_Arakkonam, India",1.3713929604278946e-05
"City_Hubli-Dharwad, India",1.3676658499797976e-05
"City_Vaijapur, India",1.362375911547001e-05
"City_Mandi, India",1.3523790876354216e-05
"City_Uthamapalayam, India",1.345670723623057e-05
"City_Gokak, India",1.3446528289829969e-05
"City_Gangarampur, India",1.3350359300829196e-05
"City_Yerraguntla, India",1.333130616657021e-05
"City_Manmad, India",1.3272322432909102e-05
"City_Thana Bhawan, India",1.3233397873119129e-05
"City_Patan, India",1.3225872734022326e-05
"City_Malavalli, India",1.3172242892105971e-05
"City_Sanduru, India",1.3133183465479036e-05
"City_Theni Allinagaram, India",1.3107177946041103e-05
"City_Nandurbar, India",1.2992294194511272e-05
"City_Shahdol, India",1.2875673607788353e-05
"City_Tirunelveli, India",1.2805409231602192e-05
"City_Nizamabad, India",1.2725025008009257e-05
"City_Viluppuram, India",1.2701724811934297e-05
"City_Chandausi, India",1.2626706750352768e-05
"City_Modinagar, India",1.2616888456030868e-05
"City_Adityapur, India",1.2585909105598388e-05
"City_Jamnagar, India",1.240159550989225e-05
"City_Thakurdwara, India",1.2286283693962797e-05
"City_Wardha, India",1.2178225089654997e-05
"City_Narayanpet, India",1.2177058940929674e-05
"City_Narasapuram, India",1.2065961466866635e-05
"City_Malaj Khand, India",1.1899217861349884e-05
"City_Shahbad, India",1.1851946755925785e-05
"City_Baleshwar Town, India",1.1820647187670866e-05
"City_Ramanagaram, India",1.1708089837778044e-05
"City_Sonamukhi, India",1.1504001964631554e-05
"City_Modasa, India",1.1453328380328963e-05
"City_Barpeta, India",1.1308339131222032e-05
"City_Bilaspur, India",1.1264702361912104e-05
"City_Dhamtari, India",1.1253829539958513e-05
"City_Mangrol, India",1.1240340006926401e-05
"City_Rayadurg, India",1.1226198145164151e-05
"City_Raurkela, India",1.1178852194341014e-05
"City_Tenali, India",1.1093839672749639e-05
"City_Nahan, India",1.095973384493985e-05
"City_Shikarpur Bulandshahr, India",1.0700177327256546e-05
"City_Paschim Punropara, India",1.0670547631417438e-05
"City_Solapur, India",1.0532264981314538e-05
"City_Kathua, India",1.0528822390926036e-05
"City_Ludhiana, India",1.0438096121403447e-05
"City_Kozhikode, India",1.0423518031448026e-05
"City_Sardhana, India",1.0306195606004163e-05
"City_Kadi, India",1.027296261265477e-05
"City_Sohna, India",1.0264407948428534e-05
"City_Murtijapur, India",1.0261379010879155e-05
"City_Mandsaur, India",1.0246344245143001e-05
"City_Kovvur, India",1.0238213557390804e-05
"City_Ramanathapuram, India",1.0114702420849996e-05
"City_Sasvad, India",1.0096421865480769e-05
"City_Madhugiri, India",1.0034713789961781e-05
"City_Bhilwara, India",1.0002388120876824e-05
"City_Jamalpur, India",9.801197799425303e-06
"City_Dhenkanal, India",9.761214981021326e-06
"City_Jamshedpur, India",9.698980207148651e-06
"City_Bahraich, India",9.545878155873643e-06
"City_Umarkhed, India",9.487129330682932e-06
"City_Pollachi, India",9.473087578938155e-06
"City_Gadwal, India",9.438596027573437e-06
"City_Tikamgarh, India",9.433254982184583e-06
"City_Nehtaur, India",9.390677544935958e-06
"City_Rajgarh (Churu), India",9.25838671719903e-06
"City_Faridabad, India",9.15745493919077e-06
"City_Sheikhpura, India",9.141626433830343e-06
"City_Naharlagun, India",9.093769025596962e-06
"City_Kadiri, India",9.082246679768677e-06
"City_Nandura, India",9.043351105092753e-06
"City_Manglaur, India",8.908613491847477e-06
"City_Sojat, India",8.790420233748474e-06
"City_Vijayawada, India",8.633199800314772e-06
"City_Talikota, India",8.504222217396726e-06
"City_Ramngarh, India",8.294822573817128e-06
"City_Lahar, India",8.252569446312434e-06
"City_Ladnu, India",8.178866370851855e-06
"City_Guntakal, India",8.012339022508862e-06
"City_Umbergaon, India",7.902964008217321e-06
"City_Vikramasingapuram, India",7.826524596942764e-06
"City_Sircilla, India",7.573907015228124e-06
"City_Hoshiarpur, India",7.512861603553036e-06
"City_Radhanpur, India",7.444577239734947e-06
"City_Gudur, India",7.395481378791796e-06
"City_Sagara, India",7.3057049842891e-06
"City_Wadi, India",7.251457145001187e-06
"City_Nabarangapur, India",7.185913487200307e-06
"City_Sikandra Rao, India",7.180721821136115e-06
"City_Shahabad Hardoi, India",7.141535210437721e-06
"City_Mahe, India",7.054016827997022e-06
"City_Pudukkottai, India",6.982955048920268e-06
"City_Shimla, India",6.932251831078942e-06
"City_Siliguri, India",6.2712080056120486e-06
"City_Pandharkaoda, India",6.206700799092199e-06
"City_Hindupur, India",6.148830913301671e-06
"City_Pattukkottai, India",6.070181027125383e-06
"City_Palwal, India",5.912877308095918e-06
"City_Samana, India",5.821657944994329e-06
"City_Robertsganj, India",5.785657293671388e-06
"City_Yadgir, India",5.680465825146514e-06
"City_Bhawanipatna, India",5.678435123991504e-06
"City_Narsipatnam, India",5.490059803157979e-06
"City_Salem, India",5.331437406972637e-06
"City_Panchkula, India",5.141595573500906e-06
"City_Ladwa, India",4.869341416477493e-06
"City_Tirukkoyilur, India",4.812517139904057e-06
"City_Gaya, India",4.74827211897393e-06
"City_Soron, India",4.6679143506468405e-06
"City_Patratu, India",4.667394025244943e-06
"City_Nakodar, India",4.528183856732885e-06
"City_Uran, India",4.466831331790731e-06
"City_Rajakhera, India",4.429165145880655e-06
"City_Morena, India",4.284833866812245e-06
"City_Farooqnagar, India",4.1411211429199784e-06
"City_Amritsar, India",4.0245369395981616e-06
"City_Kannur, India",4.007029328697304e-06
"City_Ganjbasoda, India",3.9350000112572e-06
"City_Nagina, India",3.934402367937537e-06
"City_Muktsar, India",3.9136918404348866e-06
"City_Gurdaspur, India",3.6229087893867735e-06
"City_Pappinisseri, India",3.6087707060024385e-06
"City_Umarga, India",3.472144913331968e-06
"City_Lunglei, India",3.4509938044654718e-06
"City_Dhubri, India",3.3274264384166154e-06
"City_Lakhimpur, India",3.2046564678083762e-06
"City_Muvattupuzha, India",3.1792321875977642e-06
"City_Bhavnagar, India",3.082668814352585e-06
"City_Yevla, India",3.076746557423285e-06
"City_Nimbahera, India",3.030758856321283e-06
"City_Deesa, India",2.9857362020839332e-06
"City_Talegaon Dabhade, India",2.942701567261593e-06
"City_Shahpur, India",2.7606348648095637e-06
"City_Sirsi, India",2.679605254627708e-06
"City_Ranebennuru, India",2.6483959787374336e-06
"City_Pernampattu, India",2.6086137442477497e-06
"City_Padrauna, India",2.5327316138875797e-06
"City_Sahaswan, India",2.4495230055663355e-06
"City_Bhatapara, India",2.3944054860377515e-06
"City_Ranibennur, India",2.028393739597056e-06
"City_Parlakhemundi, India",1.944708191278049e-06
"City_Ratlam, India",1.8850470730307716e-06
"City_Pipariya, India",1.8658378132504876e-06
"City_Dalli-Rajhara, India",1.8455514763397344e-06
"City_Puri, India",1.8244528370989417e-06
"City_Nohar, India",1.6930143219494743e-06
"City_Viramgam, India",1.5962719806252794e-06
"City_Shikaripur, India",1.5821887297078213e-06
"City_Neyyattinkara, India",1.4597764679362743e-06
"City_Nellikuppam, India",1.457527149334086e-06
"City_Rajpura, India",1.4024113881445713e-06
"City_Nedumangad, India",1.4002982800115953e-06
"City_Azamgarh, India",1.3976915434319086e-06
"City_Gumia, India",1.3782375618085656e-06
"City_Murshidabad, India",1.3767060959242077e-06
"City_Gwalior, India",1.3762135579742613e-06
"City_Nadiad, India",1.3424246040919712e-06
"City_Miryalaguda, India",1.31784581463154e-06
"City_Sihor, India",1.2032471731763689e-06
"City_Sherghati, India",1.1930481199254619e-06
Card Type_Classic,1.1806872081278075e-06
"City_Nandyal, India",1.1791789718350217e-06
"City_Tiruvethipuram, India",1.1556650169036551e-06
"City_Taki, India",1.14803864293979e-06
"City_Udhampur, India",1.1353808545478804e-06
"City_Tharamangalam, India",1.1199785901806996e-06
"City_Tiruchendur, India",1.117146065158847e-06
"City_Panaji, India",1.0168094715683565e-06
"City_Shivpuri, India",9.550726112020422e-07
"City_Wani, India",9.407225187529764e-07
"City_Mavelikkara, India",9.283356720358069e-07
"City_Manvi, India",9.271860727303271e-07
"City_Madhepura, India",8.705380280982928e-07
"City_Tekkalakote, India",8.510788828393839e-07
"City_Vellore, India",8.478180142901367e-07
"City_Punganur, India",8.024344625152496e-07
"City_Ahmednagar, India",7.913825307523331e-07
"City_Malpura, India",7.035247579580569e-07
"City_Dumka, India",6.903225252143213e-07
"City_Sirohi, India",6.803681537736203e-07
"City_Pathri, India",6.344877171276128e-07
"City_Fazilka, India",5.850610018682574e-07
"City_Forbesganj, India",5.741674137549693e-07
"City_Kothagudem, India",5.728176001863071e-07
"City_Arrah, India",5.533714096172729e-07
"City_Anjangaon, India",5.01050798187748e-07
"City_Sanawad, India",4.4719205332437254e-07
"City_Lachhmangarh, India",4.365897435906032e-07
"City_Ratnagiri, India",4.2739816487115045e-07
"City_Nathdwara, India",4.1838881889599217e-07
"City_Sathyamangalam, India",4.172413335212915e-07
"City_Neemuch, India",3.948161132167993e-07
"City_Nongstoin, India",3.85384842454145e-07
"City_Warisaliganj, India",3.606242546005173e-07
"City_Kyathampalle, India",3.59319670308304e-07
"City_Pilkhuwa, India",3.2807705515319456e-07
"City_Ambikapur, India",3.200954683981834e-07
"City_Ongole, India",2.6015785031819164e-07
"City_Gopalganj, India",2.563798695306856e-07
"City_Mandamarri, India",2.5067026287378506e-07
"City_Satna, India",2.411140358330477e-07
"City_Paradip, India",2.080825507543902e-07
"City_Tonk, India",2.0670764460686923e-07
"City_Pedana, India",1.9049515255946344e-07
"City_Silchar, India",1.8807488072261951e-07
"City_Mandapeta, India",1.8142733167962372e-07
"City_Kavali, India",1.6426831927268248e-07
"City_Mandya, India",1.5859240758345018e-07
Exp Type_Home,1.5294335863936167e-07
"City_Srikakulam, India",1.46447008468531e-07
"City_Arvi, India",1.4505124530682517e-07
"City_Thangadh, India",1.2690032737951642e-07
"City_Saundatti-Yellamma, India",1.2581953656859155e-07
"City_Sibsagar, India",1.1360924753969632e-07
"City_Dhuri, India",1.086989394116305e-07
"City_Soro, India",8.722455118149623e-08
"City_Orai, India",7.560230263205269e-08
"City_Sundargarh, India",7.01718926642178e-08
"City_Seohara, India",4.500917574230765e-08
"City_Umaria, India",4.4432122095105716e-08
"City_Nandivaram-Guduvancheri, India",4.153679643373726e-08
"City_Amalner, India",3.1731395576038326e-08
"City_Sawai Madhopur, India",2.97002573238169e-08
"City_Varanasi, India",2.462955857140582e-08
"City_Suratgarh, India",1.6312850044164795e-08
"City_Masaurhi, India",1.5291844277838333e-08
"City_Wankaner, India",9.805707218409637e-09
"City_Hansi, India",7.821293321753118e-09
"City_Shamsabad Agra, India",6.4405886276564256e-09
"City_Thiruvalla, India",6.227430147466953e-09
"City_Simdega, India",4.478299959568859e-09
"City_Malappuram, India",3.830682068225328e-09
"City_Namakkal, India",3.3125484900871267e-09
"City_Ujhani, India",2.5156980609971157e-09
"City_Shillong, India",1.068881917248666e-09
"City_Sangaria, India",8.626778993984655e-10
"City_Shirur, India",4.5923475831762233e-20
"City_Nelamangala, India",3.409440082158028e-20
"City_Repalle, India",5.849972956749907e-21
"City_Jagraon, India",0.0
"City_Jagtial, India",0.0
"City_Peringathur, India",0.0
"City_Mussoorie, India",0.0
"City_Mapusa, India",0.0
"City_Perumbavoor, India",0.0
"City_Palakkad, India",0.0
"City_Anjar, India",0.0
transaction_hour,0.0
